{"cameraMode":{"drawMode":0,"name":"Shaded","section":"Shading Mode"},"sceneLighting":true,"audioPlay":false,"sceneViewState":{"m_AlwaysRefresh":false,"showFog":true,"showSkybox":true,"showFlares":true,"showImageEffects":true,"showParticleSystems":true,"showVisualEffectGraphs":true,"m_FxEnabled":true},"in2DMode":false,"pivot":{"x":-0.08821633458137512,"y":24.235191345214845,"z":-25.089954376220704},"rotation":{"x":0.2696073651313782,"y":-0.010110930539667607,"z":0.0028309072367846967,"w":0.9629145860671997},"size":11.517409324645996,"orthographic":true}